"('Country', '', '')","('Length of maternity leave', 1990, 'Women')","('Length of maternity leave', 1991, 'Women')","('Length of maternity leave', 1992, 'Women')","('Length of maternity leave', 1993, 'Women')","('Length of maternity leave', 1994, 'Women')","('Length of maternity leave', 1995, 'Women')","('Length of maternity leave', 1996, 'Women')","('Length of maternity leave', 1997, 'Women')","('Length of maternity leave', 1998, 'Women')","('Length of maternity leave', 1999, 'Women')","('Length of maternity leave', 2000, 'Women')","('Length of maternity leave', 2001, 'Women')","('Length of maternity leave', 2002, 'Women')","('Length of maternity leave', 2003, 'Women')","('Length of maternity leave', 2004, 'Women')","('Length of maternity leave', 2005, 'Women')","('Length of maternity leave', 2006, 'Women')","('Length of maternity leave', 2007, 'Women')","('Length of maternity leave', 2008, 'Women')","('Length of maternity leave', 2009, 'Women')","('Length of maternity leave', 2010, 'Women')","('Length of maternity leave', 2011, 'Women')","('Length of maternity leave', 2012, 'Women')","('Length of maternity leave', 2013, 'Women')","('Length of maternity leave', 2014, 'Women')","('Length of maternity leave', 2015, 'Women')","('Length of maternity leave', 2016, 'Women')","('Length of paid father-specific leave', 1990, 'Men')","('Length of paid father-specific leave', 1991, 'Men')","('Length of paid father-specific leave', 1992, 'Men')","('Length of paid father-specific leave', 1993, 'Men')","('Length of paid father-specific leave', 1994, 'Men')","('Length of paid father-specific leave', 1995, 'Men')","('Length of paid father-specific leave', 1996, 'Men')","('Length of paid father-specific leave', 1997, 'Men')","('Length of paid father-specific leave', 1998, 'Men')","('Length of paid father-specific leave', 1999, 'Men')","('Length of paid father-specific leave', 2000, 'Men')","('Length of paid father-specific leave', 2001, 'Men')","('Length of paid father-specific leave', 2002, 'Men')","('Length of paid father-specific leave', 2003, 'Men')","('Length of paid father-specific leave', 2004, 'Men')","('Length of paid father-specific leave', 2005, 'Men')","('Length of paid father-specific leave', 2006, 'Men')","('Length of paid father-specific leave', 2007, 'Men')","('Length of paid father-specific leave', 2008, 'Men')","('Length of paid father-specific leave', 2009, 'Men')","('Length of paid father-specific leave', 2010, 'Men')","('Length of paid father-specific leave', 2011, 'Men')","('Length of paid father-specific leave', 2012, 'Men')","('Length of paid father-specific leave', 2013, 'Men')","('Length of paid father-specific leave', 2014, 'Men')","('Length of paid father-specific leave', 2015, 'Men')","('Length of paid father-specific leave', 2016, 'Men')","('Length of parental leave with job protection', 1990, 'Women')","('Length of parental leave with job protection', 1991, 'Women')","('Length of parental leave with job protection', 1992, 'Women')","('Length of parental leave with job protection', 1993, 'Women')","('Length of parental leave with job protection', 1994, 'Women')","('Length of parental leave with job protection', 1995, 'Women')","('Length of parental leave with job protection', 1996, 'Women')","('Length of parental leave with job protection', 1997, 'Women')","('Length of parental leave with job protection', 1998, 'Women')","('Length of parental leave with job protection', 1999, 'Women')","('Length of parental leave with job protection', 2000, 'Women')","('Length of parental leave with job protection', 2001, 'Women')","('Length of parental leave with job protection', 2002, 'Women')","('Length of parental leave with job protection', 2003, 'Women')","('Length of parental leave with job protection', 2004, 'Women')","('Length of parental leave with job protection', 2005, 'Women')","('Length of parental leave with job protection', 2006, 'Women')","('Length of parental leave with job protection', 2007, 'Women')","('Length of parental leave with job protection', 2008, 'Women')","('Length of parental leave with job protection', 2009, 'Women')","('Length of parental leave with job protection', 2010, 'Women')","('Length of parental leave with job protection', 2011, 'Women')","('Length of parental leave with job protection', 2012, 'Women')","('Length of parental leave with job protection', 2013, 'Women')","('Length of parental leave with job protection', 2014, 'Women')","('Length of parental leave with job protection', 2015, 'Women')","('Length of parental leave with job protection', 2016, 'Women')","('Total length of paid maternity and parental leave', 1990, 'Women')","('Total length of paid maternity and parental leave', 1991, 'Women')","('Total length of paid maternity and parental leave', 1992, 'Women')","('Total length of paid maternity and parental leave', 1993, 'Women')","('Total length of paid maternity and parental leave', 1994, 'Women')","('Total length of paid maternity and parental leave', 1995, 'Women')","('Total length of paid maternity and parental leave', 1996, 'Women')","('Total length of paid maternity and parental leave', 1997, 'Women')","('Total length of paid maternity and parental leave', 1998, 'Women')","('Total length of paid maternity and parental leave', 1999, 'Women')","('Total length of paid maternity and parental leave', 2000, 'Women')","('Total length of paid maternity and parental leave', 2001, 'Women')","('Total length of paid maternity and parental leave', 2002, 'Women')","('Total length of paid maternity and parental leave', 2003, 'Women')","('Total length of paid maternity and parental leave', 2004, 'Women')","('Total length of paid maternity and parental leave', 2005, 'Women')","('Total length of paid maternity and parental leave', 2006, 'Women')","('Total length of paid maternity and parental leave', 2007, 'Women')","('Total length of paid maternity and parental leave', 2008, 'Women')","('Total length of paid maternity and parental leave', 2009, 'Women')","('Total length of paid maternity and parental leave', 2010, 'Women')","('Total length of paid maternity and parental leave', 2011, 'Women')","('Total length of paid maternity and parental leave', 2012, 'Women')","('Total length of paid maternity and parental leave', 2013, 'Women')","('Total length of paid maternity and parental leave', 2014, 'Women')","('Total length of paid maternity and parental leave', 2015, 'Women')","('Total length of paid maternity and parental leave', 2016, 'Women')"
Australia,0.0,0.0,0.0,0.0,0.0,0.0,0.0,0.0,0.0,0.0,0.0,0.0,0.0,0.0,0.0,0.0,6.0,6.0,6.0,6.0,6.0,6.0,6.0,6.0,6.0,6.0,6.0,0.0,0.0,0.0,0.0,0.0,0.0,0.0,0.0,0.0,0.0,0.0,0.0,0.0,0.0,0.0,0.0,0.0,0.0,0.0,0.0,0.0,0.0,0.0,2.0,2.0,2.0,2.0,0.0,0.0,0.0,0.0,52.0,52.0,52.0,52.0,52.0,52.0,52.0,52.0,52.0,52.0,52.0,52.0,46.0,46.0,46.0,46.0,46.0,46.0,46.0,46.0,46.0,46.0,46.0,0.0,0.0,0.0,0.0,0.0,0.0,0.0,0.0,0.0,0.0,0.0,0.0,0.0,0.0,0.0,0.0,0.0,0.0,0.0,0.0,0.0,18.0,18.0,18.0,18.0,18.0,18.0
Austria,16.0,16.0,16.0,16.0,16.0,16.0,16.0,16.0,16.0,16.0,16.0,16.0,16.0,16.0,16.0,16.0,16.0,16.0,16.0,16.0,16.0,16.0,16.0,16.0,16.0,16.0,16.0,0.0,0.0,0.0,0.0,0.0,0.0,0.0,26.0,26.0,26.0,26.0,26.0,26.0,26.0,26.0,26.0,26.0,26.0,13.0,13.0,8.7,8.7,8.7,8.7,8.7,8.7,8.7,44.0,96.0,96.0,96.0,96.0,96.0,96.0,70.0,70.0,70.0,70.0,70.0,70.0,70.0,70.0,70.0,70.0,70.0,83.0,83.0,87.3,87.3,87.3,87.3,87.3,87.3,87.3,60.0,112.0,112.0,112.0,112.0,112.0,112.0,86.0,86.0,86.0,86.0,86.0,86.0,86.0,86.0,86.0,86.0,86.0,73.0,73.0,60.0,60.0,60.0,60.0,60.0,60.0,60.0
Belgium,14.0,15.0,15.0,15.0,15.0,15.0,15.0,15.0,15.0,15.0,15.0,15.0,15.0,15.0,15.0,15.0,15.0,15.0,15.0,15.0,15.0,15.0,15.0,15.0,15.0,15.0,15.0,0.6,0.6,0.6,0.6,0.6,0.6,0.6,0.6,13.6,13.6,13.6,13.6,15.0,15.0,15.0,15.0,15.0,15.0,15.0,15.0,15.0,15.0,19.3,19.3,19.3,19.3,19.3,0.0,0.0,0.0,0.0,0.0,0.0,0.0,0.0,13.0,13.0,13.0,13.0,13.0,13.0,13.0,13.0,13.0,13.0,13.0,13.0,13.0,13.0,17.3,17.3,17.3,17.3,17.3,14.0,15.0,15.0,15.0,15.0,15.0,15.0,15.0,28.0,28.0,28.0,28.0,28.0,28.0,28.0,28.0,28.0,28.0,28.0,28.0,28.0,28.0,32.3,32.3,32.3,32.3,32.3
Canada,17.0,17.0,17.0,17.0,17.0,17.0,17.0,17.0,17.0,17.0,17.0,17.0,17.0,17.0,17.0,17.0,17.0,17.0,17.0,17.0,17.0,17.0,17.0,17.0,17.0,17.0,17.0,0.0,0.0,0.0,0.0,0.0,0.0,0.0,0.0,0.0,0.0,0.0,0.0,0.0,0.0,0.0,0.0,0.0,0.0,0.0,0.0,0.0,0.0,0.0,0.0,0.0,0.0,0.0,0.0,10.0,10.0,10.0,10.0,10.0,10.0,10.0,10.0,10.0,10.0,35.0,35.0,35.0,35.0,35.0,35.0,35.0,35.0,35.0,35.0,35.0,35.0,35.0,35.0,35.0,35.0,17.0,27.0,27.0,27.0,27.0,27.0,27.0,27.0,27.0,27.0,27.0,52.0,52.0,52.0,52.0,52.0,52.0,52.0,52.0,52.0,52.0,52.0,52.0,52.0,52.0,52.0,52.0
Chile,,,,,,,,,,,,,,,,,,,,,,,,,18.0,18.0,18.0,,,,,,,,,,,,,,,,,,,,,,,,,1.0,1.0,1.0,,,,,,,,,,,,,,,,,,,,,,,,,12.0,12.0,12.0,,,,,,,,,,,,,,,,,,,,,,,,,30.0,30.0,30.0
Costa Rica,,,,,,,,,,,,,,,,,,,,,,,,,,,17.3,,,,,,,,,,,,,,,,,,,,,,,,,,,0.0,,,,,,,,,,,,,,,,,,,,,,,,,,,0.0,,,,,,,,,,,,,,,,,,,,,,,,,,,17.3
Czech Republic,28.0,28.0,28.0,28.0,28.0,28.0,28.0,28.0,28.0,28.0,28.0,28.0,28.0,28.0,28.0,28.0,28.0,28.0,28.0,28.0,28.0,28.0,28.0,28.0,28.0,28.0,28.0,0.0,0.0,0.0,0.0,0.0,0.0,0.0,0.0,0.0,0.0,0.0,0.0,0.0,0.0,0.0,0.0,0.0,0.0,0.0,0.0,0.0,0.0,0.0,0.0,0.0,0.0,0.0,134.0,134.0,134.0,134.0,134.0,134.0,134.0,134.0,134.0,134.0,134.0,134.0,134.0,134.0,134.0,134.0,134.0,134.0,134.0,134.0,134.0,134.0,134.0,134.0,134.0,134.0,134.0,162.0,162.0,162.0,162.0,162.0,162.0,162.0,162.0,162.0,162.0,162.0,162.0,162.0,162.0,162.0,162.0,162.0,162.0,110.0,110.0,110.0,110.0,110.0,110.0,110.0,110.0,110.0
Denmark,18.0,18.0,18.0,18.0,18.0,18.0,18.0,18.0,18.0,18.0,18.0,18.0,18.0,18.0,18.0,18.0,18.0,18.0,18.0,18.0,18.0,18.0,18.0,18.0,18.0,18.0,18.0,2.0,2.0,28.0,28.0,15.0,15.0,15.0,15.0,17.0,17.0,17.0,17.0,2.0,2.0,2.0,2.0,2.0,2.0,2.0,2.0,2.0,2.0,2.0,2.0,2.0,2.0,2.0,10.0,10.0,36.0,36.0,36.0,36.0,36.0,36.0,36.0,36.0,36.0,36.0,32.0,32.0,32.0,32.0,32.0,32.0,32.0,32.0,32.0,32.0,32.0,32.0,32.0,32.0,32.0,28.0,28.0,54.0,54.0,54.0,54.0,54.0,54.0,54.0,54.0,54.0,54.0,50.0,50.0,50.0,50.0,50.0,50.0,50.0,50.0,50.0,50.0,50.0,50.0,50.0,50.0,50.0
Estonia,,,,,,,,,,,,,,,,,,,,,,,20.0,20.0,20.0,20.0,20.0,,,,,,,,,,,,,,,,,,,,,,,2.0,2.0,2.0,2.0,2.0,,,,,,,,,,,,,,,,,,,,,,,146.0,146.0,146.0,146.0,146.0,,,,,,,,,,,,,,,,,,,,,,,166.0,166.0,166.0,166.0,166.0
Finland,17.5,17.5,17.5,17.5,17.5,17.5,17.5,17.5,17.5,17.5,17.5,17.5,17.5,17.5,17.5,17.5,17.5,17.5,17.5,17.5,17.5,17.5,17.5,17.5,17.5,17.5,17.5,0.0,1.0,1.0,3.0,3.0,3.0,3.0,3.0,3.0,3.0,3.0,3.0,3.0,7.0,7.0,7.0,7.0,7.0,7.0,7.0,7.0,9.0,9.0,9.0,9.0,9.0,9.0,141.5,143.5,143.5,143.5,143.5,143.5,143.5,143.5,143.5,143.5,143.5,143.5,143.5,141.5,141.5,141.5,141.5,141.5,141.5,141.5,141.5,141.5,141.5,143.5,143.5,143.5,143.5,159.0,161.0,161.0,161.0,161.0,161.0,161.0,161.0,161.0,161.0,161.0,161.0,161.0,159.0,159.0,159.0,159.0,159.0,159.0,159.0,159.0,159.0,159.0,161.0,161.0,161.0,161.0
France,16.0,16.0,16.0,16.0,16.0,16.0,16.0,16.0,16.0,16.0,16.0,16.0,16.0,16.0,16.0,16.0,16.0,16.0,16.0,16.0,16.0,16.0,16.0,16.0,16.0,16.0,16.0,0.0,0.0,0.0,0.0,0.0,0.0,0.0,0.0,0.0,0.0,0.0,0.0,2.0,2.0,2.0,2.0,2.0,2.0,2.0,2.0,2.0,2.0,2.0,2.0,28.0,28.0,28.0,146.0,146.0,146.0,146.0,146.0,146.0,146.0,146.0,146.0,146.0,146.0,146.0,146.0,146.0,146.0,146.0,146.0,146.0,146.0,146.0,146.0,146.0,146.0,146.0,146.0,146.0,146.0,16.0,16.0,16.0,16.0,16.0,16.0,16.0,16.0,16.0,16.0,16.0,16.0,16.0,16.0,42.0,42.0,42.0,42.0,42.0,42.0,42.0,42.0,42.0,42.0,42.0,42.0,42.0
Germany,14.0,14.0,14.0,14.0,14.0,14.0,14.0,14.0,14.0,14.0,14.0,14.0,14.0,14.0,14.0,14.0,14.0,14.0,14.0,14.0,14.0,14.0,14.0,14.0,14.0,14.0,14.0,0.0,0.0,0.0,0.0,0.0,0.0,0.0,0.0,0.0,0.0,0.0,0.0,0.0,0.0,0.0,0.0,0.0,8.7,8.7,8.7,8.7,8.7,8.7,8.7,8.7,8.7,8.7,56.3,69.3,148.0,148.0,148.0,148.0,148.0,148.0,148.0,148.0,148.0,148.0,148.0,148.0,148.0,148.0,148.0,148.0,148.0,148.0,148.0,148.0,148.0,148.0,148.0,148.0,148.0,70.0,83.3,83.3,109.3,109.3,109.3,109.3,109.3,109.3,109.3,109.3,58.0,58.0,58.0,58.0,58.0,58.0,58.0,58.0,58.0,58.0,58.0,58.0,58.0,58.0,58.0,58.0
Greece,15.0,15.0,15.0,16.0,16.0,16.0,16.0,16.0,16.0,16.0,17.0,17.0,17.0,17.0,17.0,17.0,17.0,17.0,43.0,43.0,43.0,43.0,43.0,43.0,43.0,43.0,43.0,0.0,0.0,0.0,0.0,0.0,0.0,0.0,0.0,0.0,0.0,0.4,0.4,0.4,0.4,0.4,0.4,0.4,0.4,0.4,0.4,0.4,0.4,0.4,0.4,0.4,0.4,0.4,13.0,13.0,13.0,15.2,15.2,15.2,15.2,15.2,15.2,15.2,15.2,15.2,15.2,15.2,15.2,15.2,15.2,15.2,15.2,15.2,15.2,15.2,17.3,17.3,17.3,17.3,17.3,15.0,15.0,15.0,16.0,16.0,16.0,16.0,16.0,16.0,16.0,17.0,17.0,17.0,17.0,17.0,17.0,17.0,17.0,43.0,43.0,43.0,43.0,43.0,43.0,43.0,43.0,43.0
Hungary,12.0,12.0,24.0,24.0,24.0,24.0,24.0,24.0,24.0,24.0,24.0,24.0,24.0,24.0,24.0,24.0,24.0,24.0,24.0,24.0,24.0,24.0,24.0,24.0,24.0,24.0,24.0,0.0,0.0,0.0,0.0,0.0,0.0,0.0,0.0,0.0,0.0,0.0,0.0,1.0,1.0,1.0,1.0,1.0,1.0,1.0,1.0,1.0,1.0,1.0,1.0,1.0,1.0,1.0,150.0,150.0,136.0,136.0,136.0,136.0,136.0,136.0,136.0,136.0,136.0,136.0,136.0,136.0,136.0,136.0,136.0,136.0,136.0,136.0,136.0,136.0,136.0,136.0,136.0,136.0,136.0,162.0,162.0,160.0,160.0,160.0,160.0,160.0,160.0,160.0,160.0,160.0,160.0,160.0,160.0,160.0,160.0,160.0,160.0,160.0,160.0,160.0,160.0,160.0,160.0,160.0,160.0,160.0
Iceland,8.7,8.7,8.7,8.7,8.7,8.7,8.7,8.7,8.7,8.7,8.7,13.0,13.0,13.0,13.0,13.0,13.0,13.0,13.0,13.0,13.0,13.0,13.0,13.0,13.0,13.0,13.0,0.0,0.0,0.0,0.0,0.0,0.0,0.0,0.0,2.0,2.0,2.0,4.3,8.7,13.0,13.0,13.0,13.0,13.0,13.0,13.0,13.0,13.0,13.0,13.0,13.0,13.0,13.0,17.3,17.3,17.3,17.3,17.3,17.3,17.3,17.3,17.3,17.3,17.3,26.0,26.0,26.0,26.0,26.0,26.0,26.0,26.0,26.0,26.0,26.0,26.0,26.0,30.3,30.3,30.3,26.0,26.0,26.0,26.0,26.0,26.0,26.0,26.0,26.0,26.0,26.0,26.0,26.0,26.0,26.0,26.0,26.0,26.0,26.0,26.0,26.0,26.0,26.0,26.0,26.0,26.0,26.0
Ireland,18.0,18.0,18.0,18.0,18.0,18.0,18.0,18.0,18.0,18.0,18.0,26.0,26.0,26.0,26.0,26.0,34.0,42.0,42.0,42.0,42.0,42.0,42.0,42.0,42.0,42.0,42.0,0.0,0.0,0.0,0.0,0.0,0.0,0.0,0.0,0.0,0.0,0.0,0.0,0.0,0.0,0.0,0.0,0.0,0.0,0.0,0.0,0.0,0.0,0.0,0.0,0.0,0.0,0.0,0.0,0.0,0.0,0.0,0.0,0.0,0.0,0.0,0.0,14.0,14.0,14.0,14.0,14.0,14.0,14.0,14.0,14.0,14.0,14.0,14.0,14.0,14.0,18.0,18.0,18.0,18.0,14.0,14.0,14.0,14.0,14.0,14.0,14.0,14.0,14.0,14.0,14.0,18.0,18.0,18.0,18.0,18.0,22.0,26.0,26.0,26.0,26.0,26.0,26.0,26.0,26.0,26.0,26.0
Israel,,,,,,,,,,,,,,,,,,,,,,,,,26.0,26.0,26.0,,,,,,,,,,,,,,,,,,,,,,,,,0.0,0.0,0.0,,,,,,,,,,,,,,,,,,,,,,,,,32.0,32.0,32.0,,,,,,,,,,,,,,,,,,,,,,,,,14.0,14.0,14.0
Italy,21.7,21.7,21.7,21.7,21.7,21.7,21.7,21.7,21.7,21.7,21.7,21.7,21.7,21.7,21.7,21.7,21.7,21.7,21.7,21.7,21.7,21.7,21.7,21.7,21.7,21.7,21.7,0.0,0.0,0.0,0.0,0.0,0.0,0.0,0.0,0.0,0.0,0.0,0.0,0.0,0.0,0.0,0.0,0.0,0.0,0.0,0.0,0.0,0.0,0.0,0.2,0.2,0.2,0.4,26.0,26.0,26.0,26.0,26.0,26.0,26.0,26.0,26.0,26.0,26.0,26.0,26.0,26.0,26.0,26.0,26.0,26.0,26.0,26.0,26.0,26.0,26.0,26.0,26.0,26.0,26.0,47.7,47.7,47.7,47.7,47.7,47.7,47.7,47.7,47.7,47.7,47.7,47.7,47.7,47.7,47.7,47.7,47.7,47.7,47.7,47.7,47.7,47.7,47.7,47.7,47.7,47.7,47.7
Japan,14.0,14.0,14.0,14.0,14.0,14.0,14.0,14.0,14.0,14.0,14.0,14.0,14.0,14.0,14.0,14.0,14.0,14.0,14.0,14.0,14.0,14.0,14.0,14.0,14.0,14.0,14.0,0.0,0.0,0.0,0.0,0.0,0.0,0.0,0.0,0.0,0.0,0.0,0.0,0.0,0.0,0.0,0.0,0.0,0.0,0.0,0.0,52.0,52.0,52.0,52.0,52.0,52.0,52.0,0.0,0.0,44.0,44.0,44.0,44.0,44.0,44.0,44.0,44.0,44.0,44.0,44.0,44.0,44.0,44.0,44.0,44.0,44.0,44.0,44.0,44.0,44.0,44.0,44.0,44.0,44.0,14.0,14.0,14.0,14.0,58.0,58.0,58.0,58.0,58.0,58.0,58.0,58.0,58.0,58.0,58.0,58.0,58.0,58.0,58.0,58.0,58.0,58.0,58.0,58.0,58.0,58.0,58.0
Korea,8.5,8.5,8.5,8.5,8.5,8.5,8.5,8.5,8.5,8.5,8.5,8.5,12.9,12.9,12.9,12.9,12.9,12.9,12.9,12.9,12.9,12.9,12.9,12.9,12.9,12.9,12.9,0.0,0.0,0.0,0.0,0.0,0.0,0.0,0.0,0.0,0.0,0.0,0.0,0.0,0.0,0.0,0.0,0.0,0.0,52.0,52.0,52.0,52.0,52.6,52.6,52.6,52.6,52.6,47.8,47.8,47.8,47.8,47.8,47.8,47.8,47.8,47.8,47.8,47.8,47.8,45.6,45.6,45.6,45.6,45.6,45.6,52.0,52.0,52.0,52.0,52.0,52.0,52.0,52.0,52.0,8.5,8.5,8.5,8.5,8.5,8.5,8.5,8.5,8.5,8.5,8.5,8.5,58.4,58.4,58.4,58.4,58.4,58.4,64.9,64.9,64.9,64.9,64.9,64.9,64.9,64.9,64.9
Latvia,,,,,,,,,,,,,,,,,,,,,,,,,,,16.0,,,,,,,,,,,,,,,,,,,,,,,,,,,1.4,,,,,,,,,,,,,,,,,,,,,,,,,,,78.0,,,,,,,,,,,,,,,,,,,,,,,,,,,94.0
Lithuania,,,,,,,,,,,,,,,,,,,,,,,,,,,18.0,,,,,,,,,,,,,,,,,,,,,,,,,,,4.0,,,,,,,,,,,,,,,,,,,,,,,,,,,148.0,,,,,,,,,,,,,,,,,,,,,,,,,,,62.0
Luxembourg,16.0,16.0,16.0,16.0,16.0,16.0,16.0,16.0,16.0,16.0,16.0,16.0,16.0,16.0,16.0,16.0,16.0,16.0,16.0,16.0,16.0,16.0,16.0,16.0,16.0,16.0,16.0,0.4,0.4,0.4,0.4,0.4,0.4,0.4,0.4,0.4,26.4,26.4,26.4,26.4,26.4,26.4,26.4,26.4,26.4,26.4,26.4,26.4,26.4,26.4,26.4,26.4,26.4,26.4,0.0,0.0,0.0,0.0,0.0,0.0,0.0,0.0,0.0,26.0,26.0,26.0,26.0,26.0,26.0,26.0,26.0,26.0,26.0,26.0,26.0,26.0,26.0,26.0,26.0,26.0,26.0,16.0,16.0,16.0,16.0,16.0,16.0,16.0,16.0,16.0,42.0,42.0,42.0,42.0,42.0,42.0,42.0,42.0,42.0,42.0,42.0,42.0,42.0,42.0,42.0,42.0,42.0,42.0
Mexico,12.0,12.0,12.0,12.0,12.0,12.0,12.0,12.0,12.0,12.0,12.0,12.0,12.0,12.0,12.0,12.0,12.0,12.0,12.0,12.0,12.0,12.0,12.0,12.0,12.0,12.0,12.0,0.0,0.0,0.0,0.0,0.0,0.0,0.0,0.0,0.0,0.0,0.0,0.0,0.0,0.0,0.0,0.0,0.0,0.0,0.0,0.0,0.0,0.0,1.0,1.0,1.0,1.0,1.0,0.0,0.0,0.0,0.0,0.0,0.0,0.0,0.0,0.0,0.0,0.0,0.0,0.0,0.0,0.0,0.0,0.0,0.0,0.0,0.0,0.0,0.0,0.0,0.0,0.0,0.0,0.0,12.0,12.0,12.0,12.0,12.0,12.0,12.0,12.0,12.0,12.0,12.0,12.0,12.0,12.0,12.0,12.0,12.0,12.0,12.0,12.0,12.0,12.0,12.0,12.0,12.0,12.0,12.0
Netherlands,16.0,16.0,16.0,16.0,16.0,16.0,16.0,16.0,16.0,16.0,16.0,16.0,16.0,16.0,16.0,16.0,16.0,16.0,16.0,16.0,16.0,16.0,16.0,16.0,16.0,16.0,16.0,0.0,0.0,0.0,0.0,0.0,0.0,0.0,0.0,0.0,0.0,0.0,0.0,0.4,0.4,0.4,0.4,0.4,0.4,0.4,26.4,26.4,26.4,26.4,26.4,26.4,0.4,0.4,0.0,13.0,13.0,13.0,13.0,13.0,13.0,13.0,13.0,13.0,13.0,13.0,13.0,13.0,13.0,13.0,13.0,13.0,13.0,26.0,26.0,26.0,26.0,26.0,26.0,26.0,26.0,16.0,16.0,16.0,16.0,16.0,16.0,16.0,16.0,16.0,16.0,16.0,16.0,16.0,16.0,16.0,16.0,16.0,16.0,16.0,42.0,42.0,42.0,42.0,42.0,42.0,16.0,16.0
New Zealand,14.0,14.0,14.0,14.0,14.0,14.0,14.0,14.0,14.0,14.0,14.0,14.0,14.0,12.0,12.0,13.0,13.0,14.0,14.0,14.0,14.0,14.0,14.0,14.0,14.0,16.0,18.0,0.0,0.0,0.0,0.0,0.0,0.0,0.0,0.0,0.0,0.0,0.0,0.0,0.0,0.0,0.0,0.0,0.0,0.0,0.0,0.0,0.0,0.0,0.0,0.0,0.0,0.0,0.0,44.0,44.0,44.0,44.0,44.0,44.0,44.0,44.0,44.0,44.0,44.0,44.0,44.0,46.0,46.0,45.0,45.0,44.0,44.0,44.0,44.0,44.0,44.0,44.0,44.0,42.0,40.0,0.0,0.0,0.0,0.0,0.0,0.0,0.0,0.0,0.0,0.0,0.0,0.0,0.0,12.0,12.0,13.0,13.0,14.0,14.0,14.0,14.0,14.0,14.0,14.0,14.0,16.0,18.0
Norway,6.0,6.0,8.0,9.0,9.0,9.0,9.0,9.0,9.0,9.0,9.0,9.0,9.0,9.0,9.0,9.0,9.0,9.0,9.0,9.0,9.0,9.0,9.0,9.0,17.0,13.0,13.0,0.0,0.0,0.0,4.0,4.0,4.0,4.0,4.0,4.0,4.0,4.0,4.0,4.0,4.0,4.0,5.0,6.0,6.0,6.0,10.0,10.0,12.0,12.0,12.0,14.0,10.0,10.0,74.0,74.0,79.0,81.0,81.0,81.0,81.0,81.0,81.0,81.0,81.0,81.0,81.0,81.0,81.0,81.0,81.0,81.0,81.0,79.0,79.0,78.0,78.0,78.0,70.0,78.0,78.0,28.0,28.0,35.0,38.0,38.0,38.0,38.0,38.0,38.0,90.0,90.0,90.0,90.0,90.0,90.0,90.0,90.0,90.0,90.0,88.0,88.0,87.0,87.0,87.0,87.0,91.0,91.0
OECD - Average,,,,,,,,,,,,,,,,,,,,,,,,,,,19.1,,,,,,,,,,,,,,,,,,,,,,,,,,,8.2,,,,,,,,,,,,,,,,,,,,,,,,,,,65.7,,,,,,,,,,,,,,,,,,,,,,,,,,,55.2
Poland,16.0,16.0,16.0,16.0,16.0,16.0,16.0,16.0,16.0,16.0,20.0,26.0,16.0,16.0,16.0,16.0,16.0,18.0,18.0,20.0,22.0,22.0,24.0,26.0,26.0,26.0,20.0,0.0,0.0,0.0,0.0,0.0,0.0,0.0,0.0,0.0,0.0,0.0,0.0,0.0,0.0,0.0,0.0,0.0,0.0,0.0,0.0,1.0,1.0,2.0,2.0,2.0,2.0,2.0,156.0,156.0,156.0,156.0,156.0,156.0,156.0,156.0,156.0,156.0,156.0,156.0,156.0,156.0,156.0,156.0,156.0,156.0,156.0,156.0,156.0,156.0,156.0,182.0,177.7,177.7,183.7,16.0,16.0,16.0,16.0,16.0,16.0,16.0,16.0,16.0,16.0,20.0,26.0,16.0,16.0,16.0,16.0,16.0,18.0,18.0,20.0,22.0,22.0,24.0,52.0,52.0,52.0,52.0
Portugal,12.9,12.9,12.9,12.9,12.9,14.0,14.0,14.0,14.0,15.7,17.1,17.1,17.1,17.1,17.1,17.1,17.1,17.1,17.1,6.4,6.4,6.4,6.4,6.4,6.4,6.0,6.0,0.0,0.0,0.0,0.0,0.0,0.0,0.0,0.0,0.0,0.0,4.0,4.0,4.0,4.0,4.0,4.0,4.0,4.0,4.0,21.3,21.3,21.3,21.3,21.3,21.3,21.3,22.3,104.0,104.0,104.0,104.0,104.0,104.0,104.0,104.0,104.0,104.0,117.0,117.0,117.0,117.0,117.0,117.0,117.0,117.0,117.0,127.7,127.7,127.7,127.7,127.7,127.7,128.1,128.1,12.9,12.9,12.9,12.9,12.9,14.0,14.0,14.0,14.0,15.7,17.1,17.1,17.1,17.1,17.1,17.1,17.1,17.1,17.1,30.1,30.1,30.1,30.1,30.1,30.1,30.1,30.1
Slovak Republic,28.0,28.0,28.0,28.0,28.0,28.0,28.0,28.0,28.0,28.0,28.0,28.0,28.0,28.0,28.0,28.0,28.0,28.0,28.0,28.0,28.0,34.0,34.0,34.0,34.0,34.0,34.0,0.0,0.0,0.0,0.0,0.0,0.0,0.0,0.0,0.0,0.0,0.0,0.0,0.0,0.0,0.0,0.0,0.0,0.0,0.0,0.0,0.0,0.0,0.0,0.0,0.0,0.0,0.0,134.0,134.0,134.0,136.0,136.0,136.0,136.0,136.0,136.0,136.0,136.0,136.0,136.0,136.0,136.0,136.0,136.0,136.0,136.0,136.0,136.0,130.0,130.0,130.0,130.0,130.0,130.0,162.0,162.0,162.0,164.0,164.0,164.0,164.0,164.0,164.0,164.0,164.0,164.0,164.0,164.0,164.0,164.0,164.0,164.0,164.0,164.0,164.0,164.0,164.0,164.0,164.0,164.0,164.0
Slovenia,,,,,,,,,,,,,,,,,,,,,,,15.0,15.0,15.0,15.0,15.0,,,,,,,,,,,,,,,,,,,,,,,2.1,2.1,2.1,2.1,2.9,,,,,,,,,,,,,,,,,,,,,,,37.1,37.1,37.1,37.1,37.1,,,,,,,,,,,,,,,,,,,,,,,52.1,52.1,52.1,52.1,52.1
Spain,16.0,16.0,16.0,16.0,16.0,16.0,16.0,16.0,16.0,16.0,16.0,16.0,16.0,16.0,16.0,16.0,16.0,16.0,16.0,16.0,16.0,16.0,16.0,16.0,16.0,16.0,16.0,0.4,0.4,0.4,0.4,0.4,0.4,0.4,0.4,0.4,0.4,0.4,0.4,0.4,0.4,0.4,0.4,0.4,2.1,2.1,2.1,2.1,2.1,2.1,2.1,2.1,2.1,2.1,150.0,150.0,150.0,150.0,150.0,150.0,150.0,150.0,150.0,150.0,150.0,150.0,150.0,150.0,150.0,150.0,150.0,150.0,150.0,150.0,150.0,150.0,150.0,150.0,150.0,150.0,150.0,16.0,16.0,16.0,16.0,16.0,16.0,16.0,16.0,16.0,16.0,16.0,16.0,16.0,16.0,16.0,16.0,16.0,16.0,16.0,16.0,16.0,16.0,16.0,16.0,16.0,16.0,16.0
Sweden,0.0,0.0,0.0,0.0,0.0,11.3,11.3,11.3,11.3,11.3,11.3,11.3,15.6,15.6,15.6,15.6,15.6,15.6,15.6,15.6,15.6,15.6,15.6,15.6,15.6,15.6,19.9,1.4,1.4,1.4,1.4,1.4,5.8,5.8,5.8,5.8,5.8,5.8,5.8,10.0,10.0,10.0,10.0,10.0,10.0,10.0,10.0,10.0,10.0,10.0,10.0,10.0,10.0,14.3,78.0,78.0,78.0,78.0,78.0,73.7,73.7,73.7,73.7,73.7,73.7,73.7,69.4,69.4,69.4,69.4,69.4,69.4,69.4,69.4,69.4,69.4,69.4,69.4,69.4,69.4,65.1,63.0,63.0,63.0,63.0,63.0,58.7,58.7,58.7,58.7,58.7,58.7,58.7,60.0,60.0,60.0,60.0,60.0,60.0,60.0,60.0,60.0,60.0,60.0,60.0,60.0,60.0,55.7
Switzerland,8.0,8.0,8.0,8.0,8.0,8.0,8.0,8.0,8.0,8.0,8.0,8.0,8.0,8.0,8.0,8.0,14.0,14.0,14.0,14.0,14.0,14.0,14.0,16.0,16.0,16.0,16.0,0.0,0.0,0.0,0.0,0.0,0.0,0.0,0.0,0.0,0.0,0.0,0.0,0.0,0.0,0.0,0.0,0.0,0.0,0.0,0.0,0.0,0.0,0.0,0.0,0.0,0.0,0.0,0.0,0.0,0.0,0.0,0.0,0.0,0.0,0.0,0.0,0.0,0.0,0.0,0.0,0.0,0.0,0.0,0.0,0.0,0.0,0.0,0.0,0.0,0.0,0.0,0.0,0.0,0.0,0.0,0.0,0.0,0.0,0.0,0.0,0.0,0.0,0.0,0.0,0.0,0.0,0.0,0.0,0.0,8.0,14.0,14.0,14.0,14.0,14.0,14.0,14.0,14.0,14.0,14.0,14.0
Turkey,12.0,12.0,12.0,12.0,12.0,12.0,12.0,12.0,12.0,12.0,12.0,12.0,12.0,16.0,16.0,16.0,16.0,16.0,16.0,16.0,16.0,16.0,16.0,16.0,16.0,16.0,16.0,0.0,0.0,0.0,0.0,0.0,0.0,0.0,0.0,0.0,0.0,0.0,0.0,0.0,0.0,0.0,0.0,0.0,0.0,0.0,0.0,0.0,0.0,0.0,0.0,0.0,0.0,1.0,26.0,26.0,26.0,26.0,26.0,26.0,26.0,26.0,26.0,26.0,26.0,26.0,26.0,26.0,26.0,26.0,26.0,26.0,26.0,26.0,26.0,26.0,26.0,26.0,26.0,26.0,26.0,12.0,12.0,12.0,12.0,12.0,12.0,12.0,12.0,12.0,12.0,12.0,12.0,12.0,16.0,16.0,16.0,16.0,16.0,16.0,16.0,16.0,16.0,16.0,16.0,16.0,16.0,16.0
United Kingdom,40.0,40.0,40.0,40.0,40.0,40.0,40.0,40.0,40.0,40.0,40.0,40.0,40.0,52.0,52.0,52.0,52.0,52.0,52.0,52.0,52.0,52.0,52.0,52.0,52.0,52.0,52.0,0.0,0.0,0.0,0.0,0.0,0.0,0.0,0.0,0.0,0.0,0.0,0.0,0.0,2.0,2.0,2.0,2.0,2.0,2.0,2.0,2.0,2.0,2.0,2.0,2.0,2.0,2.0,0.0,0.0,0.0,0.0,0.0,0.0,0.0,0.0,0.0,0.0,13.0,13.0,13.0,13.0,13.0,13.0,13.0,13.0,13.0,13.0,13.0,13.0,13.0,18.0,18.0,18.0,18.0,18.0,18.0,18.0,18.0,18.0,18.0,18.0,18.0,18.0,18.0,18.0,18.0,18.0,26.0,26.0,26.0,26.0,39.0,39.0,39.0,39.0,39.0,39.0,39.0,39.0,39.0,39.0
United States,0.0,0.0,0.0,0.0,0.0,0.0,0.0,0.0,0.0,0.0,0.0,0.0,0.0,0.0,0.0,0.0,0.0,0.0,0.0,0.0,0.0,0.0,0.0,0.0,0.0,0.0,0.0,0.0,0.0,0.0,0.0,0.0,0.0,0.0,0.0,0.0,0.0,0.0,0.0,0.0,0.0,0.0,0.0,0.0,0.0,0.0,0.0,0.0,0.0,0.0,0.0,0.0,0.0,0.0,0.0,0.0,0.0,0.0,12.0,12.0,12.0,12.0,12.0,12.0,12.0,12.0,12.0,12.0,12.0,12.0,12.0,12.0,12.0,12.0,12.0,12.0,12.0,12.0,12.0,12.0,12.0,0.0,0.0,0.0,0.0,0.0,0.0,0.0,0.0,0.0,0.0,0.0,0.0,0.0,0.0,0.0,0.0,0.0,0.0,0.0,0.0,0.0,0.0,0.0,0.0,0.0,0.0,0.0
